                  epoch,         train/box_loss,         train/cls_loss,         train/dfl_loss,   metrics/precision(B),      metrics/recall(B),       metrics/mAP50(B),    metrics/mAP50-95(B),           val/box_loss,           val/cls_loss,           val/dfl_loss,                 lr/pg0,                 lr/pg1,                 lr/pg2
                      0,                 1.1331,                 3.0906,                 1.1994,                   0.66,                0.77799,                0.60958,                0.43867,                0.87547,                 2.3806,                 1.2128,                 0.0973,                 0.0003,                 0.0003
                      1,                 1.2349,                 2.6852,                  1.311,                0.78476,                    0.8,                0.74084,                0.58595,                0.88481,                 1.9973,                 1.1364,               0.093561,              0.0005614,              0.0005614
                      2,                 1.2164,                 1.9182,                 1.3516,                0.87225,                 0.6846,                0.78117,                0.62337,                0.82188,                 1.5586,                 1.0572,               0.089664,              0.0006644,              0.0006644
                      3,                  1.277,                 1.3145,                 1.4222,                0.80469,                    0.9,                0.87166,                0.68587,                 0.7621,                 1.2666,                 1.0028,               0.085609,               0.000609,               0.000609
                      4,                 1.0678,                 1.1896,                 1.2146,                0.80575,                    0.9,                0.87166,                0.68425,                 0.7557,                 1.1617,                0.98178,               0.081395,              0.0003952,              0.0003952
